date,election,CDU/CSU,SPD,GRÜNE,FDP,LINKE,AfD,BSW,FW,PIRATEN,Sonstige,n,period
1994-10-16,1,41.5,36.4,7.3,6.9,4.4,,,,,3.5,,
1998-01-16,0,37,38,10,6,4,,,,,5,,
1998-02-13,0,37,39,10,6,4,,,,,4,,
1998-03-13,0,36,41,9,5,4,,,,,5,,
1998-04-17,0,35,43,8,5,4,,,,,5,,
1998-05-15,0,35,43,8,5,5,,,,,4,,
1998-06-19,0,36,42,8,5,4,,,,,5,,
1998-07-17,0,37,42,7,5,4,,,,,5,,
1998-08-14,0,38,42,6,5,4,,,,,5,,
1998-09-04,0,38,41,6,5,4,,,,,6,,
1998-09-11,0,37,41,6,6,4,,,,,6,,
1998-09-18,0,37.5,39.5,6,5.5,4.5,,,,,7,,
1998-09-27,1,35.1,40.9,6.7,6.2,5.1,,,,,5.9,,
1998-10-16,0,35,44,6,5,4,,,,,6,,
1998-11-13,0,35,44,7,4,4,,,,,6,,
1998-12-11,0,36,44,7,4,4,,,,,5,,
1999-01-22,0,37,44,6,4,4,,,,,5,,
1999-02-26,0,39,42,6,4,4,,,,,5,,
1999-03-19,0,41,41,5,5,4,,,,,4,,
1999-04-16,0,41,41,5,5,4,,,,,4,,
1999-05-21,0,42,40,5,5,4,,,,,4,,
1999-06-25,0,44,38,5,5,4,,,,,4,,
1999-07-23,0,44,38,5,5,5,,,,,3,,
1999-08-20,0,45,36,5,5,5,,,,,4,,
1999-09-24,0,47,34,5,5,5,,,,,4,,
1999-10-15,0,47,33,6,4,6,,,,,4,,
1999-11-12,0,48,33,5,4,6,,,,,4,,
1999-12-10,0,45,36,5,4,6,,,,,4,,
2000-01-21,0,40,39,6,5,6,,,,,4,,
2000-02-18,0,35,42,7,6,6,,,,,4,,
2000-03-17,0,35,43,6,6,5,,,,,5,,
2000-04-14,0,36,42,6,6,5,,,,,5,,
2000-05-19,0,37,40,6,7,5,,,,,5,,
2000-06-23,0,39,38,6,7,5,,,,,5,,
2000-07-28,0,38,40,5,7,5,,,,,5,1255,24.07.–27.07.
2000-08-25,0,36,42,6,7,5,,,,,4,1219,21.08.–24.08.
2000-09-22,0,38,40,6,6,5,,,,,5,1174,18.09.–21.09.
2000-10-20,0,37,41,6,6,5,,,,,5,1294,16.10.–19.10.
2000-11-17,0,38,41,6,6,5,,,,,4,1259,13.11.–16.11.
2000-12-15,0,38,41,6,6,5,,,,,4,1271,11.12.–14.12.
2001-01-19,0,38,41,6,6,5,,,,,4,1276,15.01.–18.01.
2001-02-16,0,36,43,5,7,5,,,,,4,1207,12.02.–15.02.
2001-03-16,0,37,42,6,6,5,,,,,4,1264,12.03.–15.03.
2001-04-06,0,38,41,6,6,5,,,,,4,1264,02.04.–05.04.
2001-05-18,0,36,41,5,8,5,,,,,5,1266,14.05.–17.05.
2001-06-22,0,36,41,5,8,5,,,,,5,1237,18.06.–21.06.
2001-07-20,0,35,41,5,9,5,,,,,5,1224,16.07.–19.07.
2001-08-24,0,37,39,6,8,5,,,,,5,1245,20.08.–23.08.
2001-09-14,0,38,40,5,7,5,,,,,5,1031,12.09.–13.09.
2001-10-12,0,38,41,5,7,5,,,,,4,1250,08.10.–11.10.
2001-11-15,0,38,41,5,7,6,,,,,3,1098,12.11.–14.11.
2001-12-14,0,37,41,5,7,6,,,,,4,1254,10.12.–13.12.
2002-01-11,0,39,39,5,7,6,,,,,4,1038,08.01.–10.01.
2002-01-18,0,40,38,5,7,6,,,,,4,1306,14.01.–17.01.
2002-02-08,0,40,39,4,8,6,,,,,3,1027,04.02.–07.02.
2002-02-22,0,40,38,5,8,5,,,,,4,1191,18.02.–21.02.
2002-03-08,0,41,37,5,8,5,,,,,4,1050,04.03.–07.03.
2002-03-22,0,40,36,6,8,6,,,,,4,1274,18.03.–21.03.
2002-04-12,0,41,36,6,8,5,,,,,4,1000,08.04.–11.04.
2002-04-26,0,41,36,6,8,5,,,,,4,1287,22.04.–25.04.
2002-05-10,0,41,36,6,8,5,,,,,4,1014,06.05.–09.05.
2002-05-31,0,40,35,6,9,5,,,,,5,1312,24.05.–29.05.
2002-06-14,0,39,35,7,10,5,,,,,4,1018,10.06.–13.06.
2002-06-28,0,39,36,7,9,5,,,,,4,1281,24.06.–27.06.
2002-07-12,0,40,37,6,8,5,,,,,4,1031,08.07.–11.07.
2002-07-26,0,41,36,6,9,5,,,,,3,1262,22.07.–25.07.
2002-08-09,0,41,36,6,9,5,,,,,3,1106,05.08.–08.08.
2002-08-16,0,41,36,7,9,4,,,,,3,1068,12.08.–15.08.
2002-08-23,0,39,38,7,9,4,,,,,3,1292,19.08.–22.08.
2002-08-30,0,39,38,7,8,4,,,,,4,1254,26.08.–29.08.
2002-09-06,0,38,38,7,8,4,,,,,5,1476,02.09.–05.09.
2002-09-13,0,37,40,7,7.5,4.5,,,,,4,1326,09.09.–12.09.
2002-09-22,1,38.5,38.5,8.6,7.4,4,,,,,3,,
2002-10-18,0,40,38,8,6,4,,,,,4,1277,14.10.–17.10.
2002-11-15,0,44,34,9,5,4,,,,,4,1268,11.11.–14.11.
2002-12-13,0,46,32,9,5,4,,,,,4,1280,09.12.–12.12.
2003-01-24,0,47,31,9,5,4,,,,,4,1333,20.01.–23.01.
2003-02-07,0,48,30,9,6,4,,,,,3,1308,03.02.–06.02.
2003-02-21,0,48,30,9,6,4,,,,,3,1267,17.02.–20.02.
2003-03-14,0,48,31,9,5,4,,,,,3,1252,10.03.–13.03.
2003-03-28,0,47,32,9,5,4,,,,,3,1274,24.03.–27.03.
2003-04-11,0,45,33,9,6,4,,,,,3,1297,07.04.–10.04.
2003-05-02,0,46,32,9,6,4,,,,,3,1230,28.04.–30.04.
2003-05-16,0,46,31,9,6,4,,,,,4,1263,12.05.–15.05.
2003-06-06,0,46,31,9,6,4,,,,,4,1255,02.06.–05.06.
2003-06-27,0,47,30,9,6,4,,,,,4,1284,23.06.–26.06.
2003-07-18,0,46,32,8,6,4,,,,,4,1272,14.07.–17.07.
2003-08-22,0,45,31,10,6,4,,,,,4,1189,18.08.–21.08.
2003-09-12,0,45,30,10,7,4,,,,,4,1251,08.09.–11.09.
2003-10-10,0,47,30,10,6,3,,,,,4,1274,06.10.–09.10.
2003-10-24,0,48,29,9,6,4,,,,,4,1199,20.10.–23.10.
2003-11-14,0,48,29,10,5,4,,,,,4,1240,10.11.–13.11.
2003-11-28,0,48,29,10,5,4,,,,,4,1274,24.11.–27.11.
2003-12-12,0,48,28,10,5,4,,,,,5,1263,08.12.–11.12.
2004-01-16,0,48,28,10,5,4,,,,,5,1305,12.01.–15.01.
2004-02-13,0,48,29,10,5,4,,,,,4,1250,09.02.–12.02.
2004-03-05,0,49,28,10,5,4,,,,,4,1285,01.03.–04.03.
2004-03-19,0,48,29,10,5,4,,,,,4,1230,15.03.–18.03.
2004-04-02,0,48,29,10,5,4,,,,,4,1315,29.03.–01.04.
2004-04-23,0,48,29,10,5,4,,,,,4,1289,20.04.–22.04.
2004-05-14,0,48,28,10,6,4,,,,,4,1213,11.05.–13.05.
2004-05-28,0,48,29,9,6,4,,,,,4,1217,25.05.–27.05.
2004-06-25,0,46,27,11,7,5,,,,,4,1230,22.06.–24.06.
2004-07-09,0,46,25,12,7,5,,,,,5,1255,06.07.–08.07.
2004-07-23,0,45,26,11,7,5,,,,,6,1225,20.07.–22.07.
2004-08-27,0,45,26,10,6,6,,,,,7,1173,24.08.–26.08.
2004-09-24,0,44,27,10,6,6,,,,,7,1245,21.09.–23.09.
2004-10-15,0,42,28,11,6,6,,,,,7,1240,12.10.–14.10.
2004-10-29,0,40,30,11,7,6,,,,,6,1239,26.10.–28.10.
2004-11-12,0,41,29,11,7,6,,,,,6,1265,09.11.–11.11.
2004-11-26,0,41,30,10,7,6,,,,,6,1289,23.11.–25.11.
2004-12-10,0,41,30,10,7,6,,,,,6,1233,07.12.–09.12.
2005-01-14,0,39,32,10,7,6,,,,,6,1273,11.01.–13.01.
2005-01-28,0,40,32,10,7,5,,,,,6,1257,25.01.–27.01.
2005-02-25,0,41,32,9,7,5,,,,,6,1268,22.02.–24.02.
2005-03-18,0,42,31,10,6,5,,,,,6,1237,14.03.–17.03.
2005-04-15,0,43,31,9,6,5,,,,,6,1280,12.04.–14.04.
2005-04-29,0,44,30,9,6,5,,,,,6,1285,26.04.–28.04.
2005-05-27,0,45,30,8,6,5,,,,,6,1162,24.05.–26.05.
2005-06-10,0,44,29,8,7,5,,,,,7,1298,07.06.–09.06.
2005-06-24,0,44,27,9,7,8,,,,,5,1175,21.06.–23.06.
2005-07-08,0,44,27,9,7,8,,,,,5,1257,05.07.–07.07.
2005-07-22,0,43,26,10,7,10,,,,,4,1300,19.07.–21.07.
2005-08-05,0,42,28,9,8,9,,,,,4,1303,02.08.–04.08.
2005-08-12,0,42,29,9,8,9,,,,,3,1227,09.08.–11.08.
2005-08-19,0,43,29,9,8,8,,,,,3,1257,16.08.–18.08.
2005-08-26,0,43,30,8,8,8,,,,,3,1305,23.08.–25.08.
2005-09-02,0,43,32,7,7,8,,,,,3,1305,30.08.–01.09.
2005-09-09,0,41,34,7,7,8,,,,,3,1299,06.09.–08.09.
2005-09-18,1,35.2,34.2,8.1,9.8,8.7,,,,,3.9,,
2005-09-23,0,37,35,8,8,8,,,,,4,1345,20.09.–22.09.
2005-10-07,0,39,34,7,7,9,,,,,4,1259,04.10.–06.10.
2005-10-14,0,38,35,7,8,8,,,,,4,1280,11.10.–13.10.
2005-10-28,0,37,35,8,9,8,,,,,3,1269,25.10.–27.10.
2005-11-11,0,36,33,9,9,9,,,,,4,1230,08.11.–10.11.
2005-11-25,0,37,34,9,9,8,,,,,3,1298,22.11.–24.11.
2005-12-09,0,38,34,8,9,8,,,,,3,1237,06.12.–08.12.
2006-01-13,0,39,33,8,9,8,,,,,3,1249,10.01.–12.01.
2006-01-27,0,41,33,7,8,8,,,,,3,1279,24.01.–26.01.
2006-02-17,0,41,32,8,8,7,,,,,4,1260,14.02.–16.02.
2006-03-10,0,41,32,7,8,8,,,,,4,1277,07.03.–09.03.
2006-04-07,0,41,32,8,7,8,,,,,4,1234,04.04.–06.04.
2006-04-28,0,42,31,7,8,8,,,,,4,1194,25.04.–27.04.
2006-05-19,0,41,32,8,9,7,,,,,3,1164,16.05.–18.05.
2006-06-16,0,39,32,8,9,8,,,,,4,1210,12.06.–15.06.
2006-07-14,0,37,31,8,11,7,,,,,6,1207,11.07.–13.07.
2006-08-18,0,36,30,9,12,7,,,,,6,1259,15.08.–17.08.
2006-09-01,0,36,30,9,11,8,,,,,6,1290,29.08.–31.08.
2006-09-29,0,33,31,9,13,7,,,,,7,1288,26.09.–28.09.
2006-10-13,0,33,32,10,11,8,,,,,6,1300,10.10.–12.10.
2006-10-27,0,34,31,10,11,9,,,,,5,1275,24.10.–26.10.
2006-11-10,0,35,31,9,11,8,,,,,6,1303,07.11.–09.11.
2006-11-24,0,36,31,10,10,8,,,,,5,1310,21.11.–23.11.
2006-12-15,0,37,31,10,9,8,,,,,5,1202,12.12.–14.12.
2007-01-12,0,36,32,9,10,8,,,,,5,1269,09.01.–11.01.
2007-02-09,0,37,30,10,10,8,,,,,5,1185,06.02.–08.02.
2007-03-02,0,37,31,9,10,8,,,,,5,1286,27.02.–01.03.
2007-03-16,0,37,32,9,9,8,,,,,5,1235,13.03.–15.03.
2007-03-30,0,37,31,9,9,9,,,,,5,1287,27.03.–29.03.
2007-04-20,0,37,32,10,9,8,,,,,4,1251,17.04.–19.04.
2007-05-18,0,38,32,9,8,9,,,,,4,1260,14.05.–16.05.
2007-06-01,0,39,31,8,8,9,,,,,5,1234,29.05.–31.05.
2007-06-22,0,38,31,8,9,10,,,,,4,1306,19.06.–21.06.
2007-07-20,0,40,29,8,9,10,,,,,4,1174,17.07.–19.07.
2007-08-17,0,40,29,8,9,9,,,,,5,1267,14.08.–16.08.
2007-09-14,0,40,29,9,8,10,,,,,4,1209,11.09.–13.09.
2007-10-05,0,41,30,8,7,10,,,,,4,1329,01.10.–04.10.
2007-10-19,0,40,31,8,7,9,,,,,5,1260,16.10.–18.10.
2007-11-09,0,40,30,8,7,10,,,,,5,1255,06.11.–08.11.
2007-11-23,0,40,31,9,6,9,,,,,5,1303,19.11.–21.11.
2007-12-14,0,41,31,8,7,9,,,,,4,1352,11.12.–13.12.
2008-01-11,0,42,30,7,7,9,,,,,5,1280,08.01.–10.01.
2008-02-08,0,41,30,7,7,10,,,,,5,1275,05.02.–07.02.
2008-02-29,0,40,30,7,8,11,,,,,4,1280,26.02.–28.02.
2008-03-14,0,40,29,9,8,10,,,,,4,1232,11.03.–13.03.
2008-04-04,0,39,28,9,9,11,,,,,4,1230,01.04.–03.04.
2008-04-18,0,40,27,9,8,11,,,,,5,1210,15.04.–17.04.
2008-05-09,0,40,27,9,8,11,,,,,5,1191,06.05.–08.05.
2008-05-30,0,40,25,10,9,11,,,,,5,1224,27.05.–29.05.
2008-06-13,0,39,26,10,10,11,,,,,4,1257,09.06.–11.06.
2008-07-11,0,39,26,9,10,12,,,,,4,1292,08.07.–10.07.
2008-08-15,0,40,25,10,9,11,,,,,5,1263,12.08.–14.08.
2008-09-12,0,40,26,9,9,11,,,,,5,1250,09.09.–11.09.
2008-10-10,0,38,25,8,11,12,,,,,6,1276,07.10.–09.10.
2008-10-24,0,38,25,9,11,11,,,,,6,1327,21.10.–23.10.
2008-11-07,0,40,25,9,11,10,,,,,5,1171,04.11.–06.11.
2008-11-21,0,39,25,10,11,10,,,,,5,1301,18.11.–20.11.
2008-12-12,0,39,26,9,11,10,,,,,5,1268,09.12.–11.12.
2009-01-09,0,40,26,8,11,10,,,,,5,1369,05.01.–08.01.
2009-01-30,0,37,26,9,14,9,,,,,5,1296,27.01.–29.01.
2009-02-13,0,38,25,10,13,10,,,,,4,1202,10.02.–12.02.
2009-03-06,0,37,24,10,15,10,,,,,4,1319,03.03.–05.03.
2009-03-27,0,37,25,9,15,10,,,,,4,1245,24.03.–26.03.
2009-04-24,0,37,26,9,14,10,,,,,4,1445,21.04.–23.04.
2009-05-08,0,37,27,9,13,10,,,,,4,1343,05.05.–07.05.
2009-05-29,0,36,28,10,12,9,,,,,5,1348,26.05.–28.05.
2009-06-12,0,37,25,11,13,8,,,,,6,1343,08.06.–10.06.
2009-07-03,0,36,25,11,13,9,,,,,6,1206,30.06.–02.07.
2009-07-24,0,36,24,11,14,9,,,,,6,1224,21.07.–23.07.
2009-08-07,0,36,23,12,14,9,,,,,6,1194,04.08.–06.08.
2009-08-21,0,37,23,12,14,9,,,,,5,1262,18.08.–20.08.
2009-08-28,0,37,23,12,14,9,,,,,5,1338,24.08.–26.08.
2009-09-04,0,37,23,11,15,10,,,,,4,1332,01.09.–03.09.
2009-09-11,0,36,23,11,14,11,,,,,5,1336,08.09.–10.09.
2009-09-18,0,36,25,10,13,11,,,,,5,1352,15.09.–17.09.
2009-09-27,1,33.8,23,10.7,14.6,11.9,,,,2,4,,
2009-10-02,0,35,22,11,14,13,,,,,5,1326,29.09.–01.10.
2009-10-16,0,35,22,11,14,13,,,,,5,1298,13.10.–15.10.
2009-10-30,0,36,22,11,13,13,,,,,5,1207,27.10.–29.10.
2009-11-27,0,35,24,10,13,12,,,,,6,1253,24.11.–26.11.
2009-12-11,0,35,25,11,12,11,,,,,6,1221,08.12.–10.12.
2010-01-15,0,36,25,12,11,11,,,,,5,1256,12.01.–14.01.
2010-01-29,0,37,26,12,10,10,,,,,5,1256,26.01.–28.01.
2010-02-26,0,36,25,14,10,10,,,,,5,1324,23.02.–25.02.
2010-03-12,0,36,25,14,10,10,,,,,5,1204,09.03.–11.03.
2010-03-26,0,37,26,13,9,11,,,,,4,1260,23.03.–25.03.
2010-04-23,0,38,26,13,8,10,,,,,5,1203,20.04.–22.04.
2010-05-21,0,36,27,14,6,11,,,,,6,1260,18.05.–20.05.
2010-06-04,0,34,29,15,6,10,,,,,6,1271,13.05.–02.06.
2010-06-18,0,33,31,15,5,11,,,,,5,1265,15.06.–17.06.
2010-07-16,0,33,32,15,5,10,,,,,5,1178,13.07.–15.07.
2010-08-27,0,33,31,16,5,10,,,,,5,1211,24.08.–26.08.
2010-09-10,0,32,31,17,5,10,,,,,5,1221,07.09.–09.09.
2010-09-24,0,31,30,19,5,9,,,,,6,1227,21.09.–23.09.
2010-10-01,0,31,30,19,5,9,,,,,6,1323,28.09.–30.09.
2010-10-22,0,32,29,20,5,9,,,,,5,1250,19.10.–21.10.
2010-11-12,0,33,28,20,5,9,,,,,5,1262,09.11.–11.11.
2010-12-03,0,34,27,20,5,9,,,,,5,1317,30.11.–02.12.
2010-12-17,0,34,28,19,5,9,,,,,5,1421,14.12.–16.12.
2011-01-14,0,35,29,18,5,8,,,,,5,1245,11.01.–12.01.
2011-01-28,0,36,27,19,5,8,,,,,5,1336,25.01.–27.01.
2011-02-11,0,36,27,17,5,9,,,,,6,1257,08.02.–10.02.
2011-02-25,0,36,29,15,5,9,,,,,6,1306,22.02.–24.02.
2011-04-01,0,34,28,19,5,8,,,,,6,1283,29.03.–31.03.
2011-04-15,0,34,27,23,4,7,,,,,5,1254,12.04.–14.04.
2011-05-06,0,35,26,23,4,7,,,,,5,1325,03.05.–05.05.
2011-05-27,0,34,28,22,4,7,,,,,5,1228,24.05.–26.05.
2011-06-10,0,34,28,22,4,7,,,,,5,1332,07.06.–09.06.
2011-07-15,0,33,29,22,4,7,,,,,5,1273,12.07.–14.07.
2011-08-12,0,34,29,20,4,7,,,,,6,1280,09.08.–11.08.
2011-09-09,0,34,30,20,4,6,,,,,6,1287,06.09.–08.09.
2011-09-23,0,34,30,18,4,6,,,,4,4,1229,20.09.–22.09.
2011-10-14,0,34,30,16,4,6,,,,6,4,1255,11.10.–13.10.
2011-10-28,0,34,31,16,4,6,,,,6,3,1226,25.10.–27.10.
2011-11-11,0,34,30,17,4,7,,,,5,3,1278,08.11.–10.11.
2011-11-25,0,35,30,16,4,6,,,,5,4,1276,22.11.–24.11.
2011-12-16,0,34,31,17,4,6,,,,4,4,1232,13.12.–15.12.
2012-01-13,0,36,31,15,4,6,,,,4,4,1359,10.01.–12.01.
2012-01-27,0,36,30,16,3,7,,,,5,3,1262,24.01.–26.01.
2012-02-10,0,37,29,14,3,7,,,,6,4,1272,07.02.–09.02.
2012-03-09,0,36,30,14,3,7,,,,6,4,1246,06.03.–08.03.
2012-03-30,0,36,29,14,3,7,,,,8,3,1271,27.03.–29.03.
2012-04-27,0,35,29,14,3,6,,,,9,4,1254,24.04.–26.04.
2012-05-16,0,35,30,13,4,5,,,,9,4,1053,14.05.–15.05.
2012-05-25,0,36,31,14,4,5,,,,7,3,1312,22.05.–24.05.
2012-06-15,0,34,32,13,5,5,,,,7,4,1232,11.06.–14.06.
2012-07-13,0,36,30,13,4,6,,,,7,4,1255,10.07.–12.07.
2012-08-24,0,37,29,12,5,6,,,,6,5,1154,21.08.–23.08.
2012-09-14,0,36,30,13,4,6,,,,6,5,1198,11.09.–13.09.
2012-09-28,0,38,29,13,4,6,,,,6,4,1187,25.09.–27.09.
2012-10-11,0,38,31,12,4,6,,,,5,4,1225,08.10.–10.10.
2012-10-26,0,39,29,13,4,6,,,,4,5,1286,23.10.–25.10.
2012-11-16,0,39,30,13,4,6,,,,4,4,1262,13.11.–15.11.
2012-11-30,0,38,29,14,4,7,,,,4,4,1288,27.11.–29.11.
2012-12-14,0,40,30,13,4,7,,,,3,3,1280,11.12.–13.12.
2013-01-11,0,42,28,13,4,6,,,,3,4,1358,08.01.–10.01.
2013-01-25,0,41,29,13,4,6,,,,3,4,1249,22.01.–24.01.
2013-02-22,0,40,30,14,4,6,,,,2,4,1298,19.02.–21.02.
2013-03-08,0,41,28,14,4,7,,,,,6,1345,05.03.–07.03.
2013-03-22,0,40,29,14,4,7,,,,3,3,1296,19.03.–21.03.
2013-04-12,0,42,27,14,4,6,,,,,7,1302,09.04.–11.04.
2013-04-26,0,40,28,14,4,6,3,,,,5,1231,23.04.–25.04.
2013-05-17,0,41,29,13,4,6,3,,,,4,1244,14.05.–16.05.
2013-06-07,0,42,28,13,4,6,3,,,,4,1275,04.06.–06.06.
2013-06-28,0,43,26,13,4,6,3,,,,5,1276,25.06.–27.06.
2013-07-12,0,41,26,13,5,7,3,,,,5,1338,09.07.–11.07.
2013-08-02,0,40,27,14,5,7,,,,,7,1340,30.07.–01.08.
2013-08-16,0,41,25,13,5,8,,,,3,5,1316,13.08.–15.08.
2013-08-23,0,41,25,13,6,8,,,,,7,1287,20.08.–22.08.
2013-08-29,0,41,26,12,6,7,3,,,,5,1358,26.08.–28.08.
2013-09-05,0,41,26,10,6,8,3,,,,6,1296,02.09.–04.09.
2013-09-13,0,40,26,11,6,8,4,,,,5,1298,10.09.–12.09.
2013-09-19,0,40,27,9,5.5,8.5,4,,,,6,1369,18.09.–19.09.
2013-09-22,1,41.5,25.7,8.4,4.8,8.6,4.7,,,2.2,4,,
2013-09-27,0,43,26,7,3,10,5,,,,6,1293,24.09.–26.09.
2013-10-18,0,42,26,8,3,10,5,,,3,3,1183,15.10.–17.10.
2013-11-08,0,42,26,9,3,9,5,,,,6,1288,05.11.–07.11.
2013-11-29,0,42,26,8,3,10,5,,,,6,1270,26.11.–28.11.
2013-12-13,0,42,25,9,4,10,4,,,,6,1255,10.12.–12.12.
2014-01-17,0,43,24,9,4,10,4,,,,6,1237,14.01.–16.01.
2014-01-31,0,43,25,10,4,9,4,,,,5,1208,28.01.–30.01.
2014-02-21,0,43,24,10,4,10,4,,,,5,1219,18.02.–20.02.
2014-03-14,0,41,25,10,4,10,4,,,,6,1284,11.03.–13.03.
2014-03-28,0,41,25,10,3,10,5,,,,6,1255,25.03.–27.03.
2014-04-11,0,41,25,10,4,10,4,,,,6,1226,08.04.–10.04.
2014-05-09,0,40,25,11,4,10,4,,,,6,1223,06.05.–08.05.
2014-06-05,0,39,26,11,3,9,5,,,,7,1215,02.06.–04.06.
2014-06-27,0,39,25,11,3,9,6,,,,7,1315,23.06.–25.06.
2014-07-18,0,41,24,11,3,9,5,,,,7,1273,15.07.–17.07.
2014-08-22,0,41,25,10,4,9,4,,,,7,1264,19.08.–21.08.
2014-09-05,0,42,25,9,3,9,6,,,,6,1179,02.09.–04.09.
2014-09-26,0,41,26,9,3,8,7,,,,6,1184,23.09.–25.09.
2014-10-10,0,41,25,9,3,8,8,,,,6,1379,07.10.–09.10.
2014-10-24,0,41,26,9,3,8,7,,,,6,1268,21.10.–23.10.
2014-11-14,0,41,26,10,,8,7,,,,8,1242,11.11.–13.11.
2014-11-28,0,41,26,11,,8,6,,,,8,1289,25.11.–27.11.
2014-12-12,0,42,25,12,,8,6,,,,7,1269,08.12.–11.12.
2015-01-16,0,42,25,11,3,8,6,,,,5,1287,13.01.–15.01.
2015-01-30,0,41,25,12,3,8,6,,,,5,1258,27.01.–29.01.
2015-02-27,0,41,25,11,3,8,7,,,,5,1154,24.02.–26.02.
2015-03-13,0,43,24,10,3,9,6,,,,5,1266,10.03.–12.03.
2015-03-27,0,41,25,11,3,9,6,,,,5,1219,24.03.–26.03.
2015-04-17,0,41,26,10,3,9,6,,,,5,1224,14.04.–16.04.
2015-05-22,0,40,26,11,4,9,5,,,,5,1230,19.05.–21.05.
2015-06-12,0,41,25,11,4,10,4,,,,5,1230,09.06.–11.06.
2015-07-03,0,41,26,11,4,9,4,,,,5,1234,30.06.–02.07.
2015-07-24,0,41,25,11,4,9,4,,,,6,1304,21.07.–23.07.
2015-08-21,0,42,26,10,4,9,3,,,,6,1251,18.08.–20.08.
2015-09-11,0,42,26,10,4,8,4,,,,6,1352,08.09.–10.09.
2015-09-25,0,41,26,10,4,9,5,,,,5,1252,22.09.–24.09.
2015-10-09,0,41,25,9,4,9,6,,,,6,1268,06.10.–08.10.
2015-10-23,0,39,25,10,5,9,6,,,,6,1258,20.10.–22.10.
2015-11-13,0,39,26,9,4,9,8,,,,5,1262,10.11.–12.11.
2015-11-27,0,39,25,9,4,8,9,,,,6,1246,24.11.–26.11.
2015-12-11,0,39,24,10,4,9,9,,,,5,1246,08.12.–10.12.
2016-01-15,0,37,24,10,5,8,11,,,,5,1203,12.01.–14.01.
2016-01-29,0,37,24,11,5,8,11,,,,4,1380,26.01.–28.01.
2016-02-19,0,36,25,10,5,9,10,,,,5,1289,16.02.–18.02.
2016-03-18,0,35,23,12,6,8,12,,,,4,1205,15.03.–17.03.
2016-04-08,0,36,22,12,7,7,12,,,,4,1261,05.04.–07.04.
2016-04-22,0,33,22,14,7,8,12,,,,4,1226,19.04.–21.04.
2016-05-13,0,33,21,14,7,8,13,,,,4,1263,10.05.–12.05.
2016-06-03,0,33,21,13,6,9,13,,,,5,1292,31.05.–02.06.
2016-06-24,0,34,22,12,6,9,12,,,,5,1224,20.06.–23.06.
2016-07-08,0,34,23,13,6,9,11,,,,4,1320,04.07.–07.07.
2016-07-22,0,35,24,13,5,8,11,,,,4,1271,19.07.–21.07.
2016-08-12,0,35,22,13,6,9,11,,,,4,1221,09.08.–11.08.
2016-09-23,0,33,22,13,5,10,13,,,,4,1241,20.09.–22.09.
2016-10-14,0,34,22,12,5,10,13,,,,4,1188,11.10.–13.10.
2016-10-28,0,33,23,12,5,10,12,,,,5,1287,25.10.–27.10.
2016-11-11,0,34,22,13,5,10,12,,,,4,1276,08.11.–10.11.
2016-11-25,0,36,21,11,5,10,13,,,,4,1258,22.11.–24.11.
2016-12-09,0,36,22,10,5,10,12,,,,5,1234,06.12.–08.12.
2017-01-13,0,36,21,10,6,9,13,,,,5,1292,10.01.–12.01.
2017-01-27,0,36,24,8,6,10,11,,,,5,1303,24.01.–26.01.
2017-02-17,0,34,30,9,6,7,10,,,,4,1231,14.02.–16.02.
2017-03-10,0,34,32,7,5,8,9,,,,5,1212,07.03.–09.03.
2017-04-07,0,35,32,7,5,8,9,,,,4,1384,04.04.–06.04.
2017-04-28,0,37,29,8,6,9,8,,,,3,1328,25.04.–27.04.
2017-05-19,0,38,27,7,8,9,7,,,,4,1344,16.05.–18.05.
2017-06-02,0,39,25,7,8,9,8,,,,4,1301,30.05.–01.06.
2017-06-23,0,39,25,8,8,9,7,,,,4,1261,20.06.–22.06.
2017-07-07,0,40,24,8,8,9,7,,,,4,1321,04.07.–06.07.
2017-07-21,0,40,24,8,8,8,8,,,,4,1277,18.07.–20.07.
2017-08-11,0,40,24,8,8,8,8,,,,4,1352,08.08.–10.08.
2017-08-25,0,39,22,8,9,9,9,,,,4,1283,22.08.–24.08.
2017-09-01,0,39,22,8,10,9,8,,,,4,1309,29.08.–31.08.
2017-09-08,0,38,22,8,9,9,9,,,,5,1378,05.09.–07.09.
2017-09-15,0,36,23,8,10,9,10,,,,4,1383,12.09.–14.09.
2017-09-21,0,36,21.5,8,10,8.5,11,,,,5,1725,20.09.–21.09.
2017-09-24,1,32.9,20.5,8.9,10.7,9.2,12.6,,1,,4,,
2017-09-29,0,32,21,11,10,10,12,,,,4,1425,26.09.–28.09.
2017-10-13,0,31,21,11,11,10,12,,,,4,1180,10.10.–12.10.
2017-10-27,0,33,21,11,10,9,12,,,,4,1325,24.10.–26.10.
2017-11-17,0,33,21,12,10,9,11,,,,4,1303,14.11.–16.11.
2017-12-08,0,32,23,12,8,9,12,,,,4,1353,05.12.–07.12.
2018-01-19,0,33,20,12,8,10,12,,,,5,1332,16.01.–18.01.
2018-02-02,0,31,19,14,7,11,14,,,,4,1302,30.01.–01.02.
2018-02-23,0,33,17,12,8,11,14,,,,5,1360,20.02.–22.02.
2018-03-16,0,32,19,12,9,11,13,,,,4,1214,13.03.–15.03.
2018-04-13,0,33,19,14,8,9,13,,,,4,1159,10.04.–12.04.
2018-04-27,0,34,20,13,7,10,13,,,,3,1285,24.04.–26.04.
2018-05-18,0,34,20,12,8,9,14,,,,3,1200,15.05.–17.05.
2018-06-08,0,33,20,13,8,10,13,,,,3,1284,05.06.–07.06.
2018-06-29,0,32,18,14,9,10,14,,,,3,1290,25.06.–28.06.
2018-07-13,0,31,18,14,7,11,15,,,,4,1340,09.07.–12.07.
2018-08-10,0,31,18,15,8,9,16,,,,3,1294,07.08.–09.08.
2018-08-31,0,31,18,14,8,8,17,,,,4,1216,28.08.–30.08.
2018-09-14,0,30,20,16,7,8,15,,,,4,1339,11.09.–13.09.
2018-09-28,0,28,17,17,8,10,16,,,,4,1260,25.09.–27.09.
2018-10-19,0,27,14,20,8,10,16,,,,5,1117,16.10.–18.10.
2018-11-09,0,27,14,22,9,9,14,,,,5,1200,06.11.–08.11.
2018-11-23,0,27,14,22,8,9,16,,,,4,1336,20.11.–22.11.
2018-12-14,0,30,15,19,7,9,15,,,,5,1268,11.12.–13.12.
2019-01-11,0,29,14,21,8,9,14,,,,5,1267,08.01.–10.01.
2019-01-25,0,31,14,20,8,9,13,,,,5,1285,22.01.–24.01.
2019-02-08,0,30,16,20,8,9,12,,,,5,1350,05.02.–07.02.
2019-02-22,0,31,15,20,7,9,13,,,,5,1266,19.02.–21.02.
2019-03-15,0,31,16,19,8,8,12,,,,6,1290,12.03.–14.03.
2019-03-28,0,30,15,19,9,9,13,,,,5,1325,25.03.–27.03.
2019-04-12,0,28,17,20,8,9,13,,,,5,1282,09.04.–11.04.
2019-05-10,0,30,16,20,7,8,14,,,,5,1357,07.05.–09.05.
2019-06-06,0,27,13,26,7,7,13,,,,7,1297,03.06.–05.06.
2019-06-21,0,27,14,26,7,7,13,,,,6,1291,17.06.–19.06.
2019-07-19,0,28,13,25,8,8,12,,,,6,1290,16.07.–18.07.
2019-08-09,0,28,13,25,7,7,13,,,,7,1307,06.08.–08.08.
2019-09-05,0,28,15,24,6,7,13,,,,7,1270,02.09.–04.09.
2019-09-27,0,27,13,27,6,7,14,,,,6,1325,24.09.–26.09.
2019-10-18,0,29,14,24,6,8,13,,,,6,1226,15.10.–17.10.
2019-11-08,0,27,14,22,7,10,14,,,,6,1264,05.11.–07.11.
2019-11-29,0,27,13,23,7,10,14,,,,6,1340,26.11.–28.11.
2019-12-13,0,27,13,23,8,9,14,,,,6,1366,10.12.–12.12.
2020-01-16,0,27,14,23,7,9,14,,,,6,1282,13.01.–15.01.
2020-02-07,0,27,14,22,6,10,14,,,,7,1067,04.02.–06.02.
2020-03-06,0,26,16,23,6,8,14,,,,7,1276,03.03.–05.03.
2020-03-27,0,33,15,22,6,8,10,,,,6,1473,23.03.–26.03.
2020-04-09,0,35,17,20,5,7,10,,,,6,1175,06.04.–08.04.
2020-04-24,0,39,16,18,5,7,9,,,,6,1323,20.04.–23.04.
2020-05-15,0,38,15,18,5,8,10,,,,6,1282,12.05.–14.05.
2020-05-29,0,39,15,19,4,8,9,,,,6,1377,26.05.–28.05.
2020-06-12,0,39,15,20,4,7,9,,,,6,1270,08.06.–10.06.
2020-06-26,0,40,15,19,5,7,9,,,,5,1227,23.06.–25.06.
2020-07-10,0,39,15,20,5,7,9,,,,5,1226,07.07.–09.07.
2020-07-31,0,38,14,21,5,8,9,,,,5,1249,28.07.–30.07.
2020-08-28,0,38,16,19,5,8,9,,,,5,1303,25.08.–27.08.
2020-09-17,0,37,17,19,5,7,10,,,,5,1241,14.09.–16.09.
2020-10-09,0,37,16,20,5,7,10,,,,5,1229,06.10.–08.10.
2020-10-23,0,38,15,20,5,8,9,,,,5,1297,20.10.–22.10.
2020-11-13,0,37,16,20,5,7,9,,,,6,1347,10.11.–12.11.
2020-11-27,0,37,16,21,5,7,9,,,,5,1330,24.11.–26.11.
2020-12-10,0,37,16,20,5,8,10,,,,4,1246,07.12.–09.12.
2021-01-15,0,37,15,20,5,8,10,,,,5,1262,12.01.–14.01.
2021-01-28,0,37,15,20,6,7,9,,,,6,1371,25.01.–27.01.
2021-02-26,0,35,16,19,7,7,10,,,,6,1202,23.02.–25.02.
2021-03-26,0,28,15,23,9,7,12,,,,6,1030,23.03.–25.03.
2021-04-16,0,31,14,21,9,7,11,,,,7,1292,13.04.–15.04.
2021-05-07,0,25,14,26,10,7,11,,,,7,1271,04.05.–06.05.
2021-05-21,0,24,14,25,11,7,11,,3,,5,1229,18.05.–20.05.
2021-06-10,0,28,15,22,10,7,11,,3,,4,1232,07.06.–09.06.
2021-06-25,0,29,14,22,10,7,10,,,,8,1271,22.06.–24.06.
2021-07-16,0,30,15,20,10,7,10,,,,8,1224,13.07.–15.07.
2021-07-30,0,28,16,21,10,7,11,,3,,4,1268,27.07.–29.07.
2021-08-13,0,26,19,19,11,7,11,,,,7,1252,10.08.–12.08.
2021-08-27,0,22,22,20,10,6,11,,3,,6,1300,24.08.–26.08.
2021-09-03,0,22,25,17,11,7,11,,,,7,1301,31.08.–02.09.
2021-09-10,0,22,25,17,11,6,11,,3,,5,1281,07.09.–09.09.
2021-09-17,0,22,25,16,11,6,11,,,,9,1406,14.09.–16.09.
2021-09-23,0,23,25,16.5,11,6,10,,3,,5.5,1273,22.09.–23.09.
2021-09-26,1,24.1,25.7,14.8,11.5,4.9,10.3,,2.4,,6.3,,
2021-10-01,0,20,28,16,13,5,10,,,,8,1249,28.09.–30.09.
2021-10-15,0,19,28,17,13,5,11,,,,7,1329,12.10.–14.10.
2021-10-29,0,20,27,16,14,5,11,,,,7,1208,26.10.–28.10.
2021-11-12,0,20,28,16,13,5,11,,,,7,1257,09.11.–11.11.
2021-11-26,0,19,28,17,13,5,11,,,,7,1344,23.11.–25.11.
2021-12-10,0,21,28,17,12,5,10,,,,7,1303,07.12.–09.12.
2022-01-14,0,22,27,16,11,6,10,,,,8,1128,11.01.–13.01.
2022-01-28,0,23,24,18,10,7,10,,,,8,1249,25.01.–27.01.
2022-02-11,0,25,25,16,9,6,11,,,,8,1224,08.02.–10.02.
2022-03-02,0,24,26,17,9,6,11,,,,7,1103,21.02.–23.02.
2022-03-11,0,24,27,18,9,5,10,,,,7,1345,08.03.–10.03.
2022-04-08,0,24,27,19,8,4,11,,,,7,1230,05.04.–07.04.
2022-04-29,0,23,25,21,9,4,11,,,,7,1170,26.04.–28.04.
2022-05-20,0,26,22,24,7,4,10,,,,7,1162,17.05.–19.05.
2022-06-17,0,26,22,25,6,5,10,,,,6,1133,13.06.–15.06.
2022-07-01,0,27,21,25,6,5,10,,,,6,1186,28.06.–30.06.
2022-07-15,0,26,21,25,6,5,11,,,,6,1167,12.07.–14.07.
2022-08-12,0,26,19,26,7,4,12,,,,6,1389,09.08.–11.08.
2022-09-09,0,28,19,23,6,5,13,,,,6,1299,06.09.–08.09.
2022-09-30,0,27,18,22,7,5,14,,,,7,1355,27.09.–29.09.
2022-10-21,0,28,19,21,6,5,15,,,,6,1389,18.10.–20.10.
2022-11-11,0,28,19,22,5,5,15,,,,6,1310,08.11.–10.11.
2022-11-25,0,28,19,22,5,6,14,,,,6,1273,22.11.–24.11.
2022-12-16,0,28,20,20,6,5,15,,,,6,1365,12.12.–15.12.
2023-01-13,0,27,20,21,6,6,14,,,,6,1259,10.01.–12.01.
2023-01-27,0,27,21,19,6,6,15,,,,6,1345,24.01.–26.01.
2023-02-17,0,30,20,19,5,5,14,,,,7,1361,14.02.–16.02.
2023-03-03,0,29,21,18,5,5,15,,,,7,1165,28.02.–02.03.
2023-03-17,0,29,21,19,5,5,14,,,,7,1146,14.03.–16.03.
2023-03-31,0,30,19,17,7,5,15,,,,7,1379,28.03.–30.03.
2023-04-21,0,31,18,18,6,4,15,,,,8,1266,18.04.–20.04.
2023-05-05,0,30,19,17,6,5,15,,,,8,1225,02.05.–04.05.
2023-05-26,0,28,20,16,6,5,17,,,,8,1257,23.05.–25.05.
2023-06-16,0,28,19,16,6,5,18,,,,8,1224,13.06.–15.06.
2023-06-30,0,28,18,16,6,5,19,,,,8,1379,27.06.–29.06.
2023-07-14,0,27,17,16,7,4,20,,,,9,1346,11.07.–13.07.
2023-08-18,0,26,19,15,7,5,20,,,,8,1288,15.08.–17.08.
2023-09-15,0,26,17,16,6,5,21,,3,,6,1201,12.09.–14.09.
2023-10-20,0,30,15,14,5,5,21,,3,,7,1252,17.10.–19.10.
2023-11-10,0,30,16,15,5,4,21,,3,,6,1234,07.11.–09.11.
2023-11-24,0,31,15,15,5,4,22,,,,8,1242,21.11.–23.11.
2023-12-15,0,32,14,14,5,4,22,,3,,6,1146,12.12.–14.12.
2024-01-12,0,31,13,14,4,4,22,4,4,,4,1337,09.01.–11.01.
2024-02-02,0,31,15,13,4,3,19,6,3,,6,1217,30.01.–01.02.
2024-02-23,0,30,15,14,4,4,19,5,,,9,1294,20.02.–22.02.
2024-03-08,0,30,15,15,4,3,18,5,3,,7,1260,05.03.–07.03.
2024-03-22,0,31,16,13,4,3,18,6,,,9,1296,19.03.–21.03.
2024-04-12,0,31,16,12,4,3,18,6,,,10,1254,09.04.–11.04.
2024-04-26,0,30,15,15,4,4,17,5,,,10,1228,23.04.–25.04.
2024-05-17,0,31,15,13,5,4,16,5,,,11,1247,14.05.–16.05.
2024-06-13,0,30,14,14,5,,16,7,,,14,1334,10.06.–12.06.
2024-06-28,0,31,14,13,4,3,17,7,,,11,1186,25.06.–27.06.
2024-07-12,0,32,14,13,4,3,17,7,,,10,1341,09.07.–11.07.
2024-08-15,0,32,14,13,4,3,16,8,,,10,1334,12.08.–14.08.
2024-09-06,0,33,15,11,4,4,17,7,,,9,1328,03.09.–05.09.
2024-09-27,0,31,16,12,4,4,17,8,,,8,1348,24.09.–26.09.
2024-10-18,0,31,16,11,3,4,18,8,,,9,1249,15.10.–17.10.
2024-11-08,0,33,16,12,3,4,18,6,,,8,1231,05.11.–07.11.
2024-11-22,0,32,16,12,3,4,18,5,,,10,1399,19.11.–21.11.
2024-12-06,0,33,15,14,4,3,17,5,,,9,1433,03.12.–05.12.
2024-12-20,0,31,15,14,3,4,19,5,,,9,1362,17.12.–19.12.
2025-01-10,0,30,14,15,4,4,21,4,,,8,1433,07.01.–09.01.
2025-01-24,0,30,15,14,4,5,21,3,,,8,1345,21.01.–23.01.
2025-01-30,0,29,15,14,4,5,21,4,,,8,1428,27.01.–29.01.
2025-02-07,0,30,15,15,4,6,20,4,,,6,1341,04.02.–06.02.
2025-02-14,0,30,16,14,4,7,20,4,,,5,1348,11.02.–13.02.
2025-02-20,0,28,16,14,4.5,8,21,4.5,,,4,1349,19.02.–20.02.
2025-02-23,1,28.5,16.4,11.6,4.3,8.8,20.8,4.98,1.5,,3,,
2025-03-07,0,28,15,13,4,10,21,3,,,6,1249,04.03.–06.03.
2025-03-21,0,27,16,12,4,10,22,3,,,6,1305,18.03.–20.03.
2025-04-11,0,26,15,12,4,10,24,3,,,6,1322,08.04.–10.04.
2025-05-02,0,27,15,11,4,10,23,3,,,7,1297,28.04.–30.04.
2025-05-23,0,26,16,12,4,10,23,3,,,6,1328,20.05.–22.05.
2025-06-06,0,27,15,12,3,11,23,3,,,6,1247,03.06.–05.06.
2025-06-27,0,29,15,12,3,10,22,3,,,6,1378,24.06.–26.06.
2025-07-25,0,27,15,11,3,11,24,3,,,6,1367,22.07.–24.07.
2025-08-14,0,27,15,12,3,11,23,3,,,6,1370,11.08.–13.08.
2025-09-05,0,27,15,11,3,10,25,3,,,6,1269,02.09.–04.09.
2025-09-19,0,26,15,10,3,11,26,3,,,6,1419,16.09.–18.09.
2025-10-02,0,27,15,11,3,11,25,,,,8,1300,29.09.–01.10.
2025-10-24,0,27,15,11,,10,25,,,,12,1272,21.10.–23.10.
2025-11-07,0,26,14,12,,10,26,,,,12,1322,04.11.–06.11.
2025-11-21,0,27,14,12,,9,27,,,,11,1207,18.11.–20.11.
2025-12-12,0,26,14,12,,11,25,,,,12,1295,09.12.–11.12.
2026-01-16,0,26,15,12,,10,25,,,,12,1245,13.01.–15.01.
2026-02-06,0,26,15,13,,10,24,,,,12,1289,03.02.–05.02.
2026-02-27,0,26,15,12,,11,24,,,,12,1262,24.02.–26.02.
2026-03-27,0,26,13,15,,10,26,,,,10,1206,24.03.–26.03.
2026-04-17,0,25,12,14,3,11,26,,,,9,1355,14.04.–16.04.
2026-05-08,0,25,12,13,3,11,27,,,,9,1240,05.05.–07.05.
2026-05-22,0,24,12,15,3,12,26,,,,8,1340,19.05.–21.05.
2026-06-05,0,25,12,14,3,11,27,,,,8,1247,01.06.–03.06.
2026-06-19,0,24,13,12,4,11,28,,,,8,1190,16.06.–18.06.
2026-07-17,0,23,12,14,4,13,27,,,,7,1284,14.07.–16.07.
2026-07-31,0,23,12,13,4,12,28,,,,8,1405,28.07.–30.07.
2026-08-20,0,22,12,14,4,12,27,,,,9,1319,17.08.–19.08.
